Team,Player,average
ANA,Corey PerryRight Wing,8625000
ANA,Ryan GetzlafCenter,8250000
ANA,Ryan KeslerCenter,6875000
ANA,Hampus LindholmDefenseman,5250000
ANA,Sami VatanenDefenseman,4875000
ANA,Jonathan BernierGoaltender,4150000
ANA,Kevin BieksaDefenseman,4000000
ANA,Cam FowlerDefenseman,4000000
ANA,Rickard RakellCenter,3800000
ANA,Jakob SilfverbergRight Wing,3750000
ANA,Simon DespresDefenseman,3700000
ANA,Clayton StonerDefenseman,3250000
ANA,Andrew CoglianoLeft Wing,3000000
ANA,John GibsonGoaltender,2300000
ANA,Ryan GarbuttRight Wing,1800000
ANA,Antoine VermetteCenter,1750000
ANA,Nicholas RitchieLeft Wing,1658333
ANA,Nate ThompsonCenter,1600000
ANA,Patrick EavesRight Wing,1000000
ANA,Nicolas KerdilesCenter,925000
ANA,Kalle KossilaCenter,925000
ANA,Jacob LarssonDefenseman,925000
ANA,Brandon MontourDefenseman,925000
ANA,Shea TheodoreDefenseman,925000
ANA,Nick SorensenRight Wing,925000
ANA,Jaycob MegnaDefenseman,925000
ANA,Jared BollRight Wing,900000
ANA,Josh MansonDefenseman,825000
ANA,Emerson EtemLeft Wing,775000
ANA,Jhonas EnrothGoaltender,750000
ANA,Korbinian HolzerDefenseman,700000
ANA,Mason RaymondLeft Wing,675000
ANA,Ondrej KaseRight Wing,670000
ANA,Logan ShawRight Wing,650000
ANA,Chris WagnerCenter,637500
ANA,Corey TroppRight Wing,625000
ARI,Mike SmithGoaltender,5666667
ARI,Oliver Ekman-LarssonDefenseman,5500000
ARI,Dave BollandCenter,5500000
ARI,Shane DoanRight Wing,5000000
ARI,Chris ProngerDefenseman,4935714
ARI,Connor MurphyDefenseman,3850000
ARI,Dylan StromeCenter,3400000
ARI,Jamie McGinnLeft Wing,3333333
ARI,Radim VrbataRight Wing,3250000
ARI,Zbynek MichalekDefenseman,3200000
ARI,Tobias RiederRight Wing,2225000
ARI,Brad RichardsonRight Wing,2083333
ARI,Clayton KellerCenter,1670833
ARI,Lawson CrouseLeft Wing,1633333
ARI,Alexander BurmistrovCenter,1550000
ARI,Brendan PerliniLeft Wing,1425000
ARI,Max DomiLeft Wing,1425000
ARI,Jakob ChychrunDefenseman,1350000
ARI,Anthony DeAngeloDefenseman,1325000
ARI,Peter HollandCenter,1300000
ARI,Luke SchennDefenseman,1250000
ARI,Christian FischerCenter,1095833
ARI,Christian DvorakCenter,1082500
ARI,Louis DomingueGoaltender,1050000
ARI,Kevin ConnautonDefenseman,1000000
ARI,Anthony DuclairLeft Wing,925000
ARI,Laurent DauphinCenter,925000
ARI,Adin HillGoaltender,925000
ARI,Tyler GaudetCenter,874125
ARI,Teemu PulkkinenLeft Wing,812500
ARI,Marek LanghamerGoaltender,733333
ARI,Jamie McBainDefenseman,650000
ARI,Jordan MartinookLeft Wing,612500
ARI,Josh JoorisCenter,600000
ARI,Alex GoligoskiDefenseman,547500
BOS,David KrejciCenter,7250000
BOS,Tuukka RaskGoaltender,7000000
BOS,Patrice BergeronCenter,6875000
BOS,Zdeno CharaDefenseman,6500000
BOS,Brad MarchandLeft Wing,6125000
BOS,David BackesCenter,6000000
BOS,Torey KrugDefenseman,5250000
BOS,Drew StaffordRight Wing,4350000
BOS,Matt BeleskeyLeft Wing,3800000
BOS,Adam McQuaidDefenseman,2750000
BOS,Kevan MillerDefenseman,2500000
BOS,Jimmy HayesRight Wing,2300000
BOS,John-Michael LilesDefenseman,2250000
BOS,Malcolm SubbanGoaltender,1525000
BOS,Charles McavoyDefenseman,1258333
BOS,Anton KhudobinGoaltender,1200000
BOS,Colin MillerDefenseman,1000000
BOS,Danton HeinenCenter,995833
BOS,Ryan SpoonerCenter,950000
BOS,Zane McIntyreGoaltender,925000
BOS,David PastrnakRight Wing,925000
BOS,Jakob KarlssonCenter,925000
BOS,Sean KuralyCenter,925000
BOS,Frank VatranoLeft Wing,925000
BOS,Brandon CarloDefenseman,925000
BOS,Peter CehlarikRight Wing,925000
BOS,Dominic MooreCenter,900000
BOS,Riley NashCenter,900000
BOS,Matthew GrzelcykDefenseman,858750
BOS,Austin CzarnikCenter,817500
BOS,Joe MorrowDefenseman,800000
BOS,Noel AcciariCenter,792500
BOS,Anton BlidhLeft Wing,784167
BOS,Tommy CrossDefenseman,600000
BOS,Tim SchallerCenter,600000
BUF,Ryan O'ReillyCenter,7500000
BUF,Kyle OkposoRight Wing,6000000
BUF,Rasmus RistolainenDefenseman,5400000
BUF,Evander KaneLeft Wing,5250000
BUF,Zach BogosianDefenseman,5142857
BUF,Matt MoulsonLeft Wing,5000000
BUF,Tyler EnnisCenter,4600000
BUF,Dmitry KulikovDefenseman,4333333
BUF,Brian GiontaRight Wing,4250000
BUF,Josh GorgesDefenseman,3900000
BUF,Jack EichelCenter,3775000
BUF,Sam ReinhartCenter,3575000
BUF,Cody FransonDefenseman,3325000
BUF,Marcus FolignoLeft Wing,2250000
BUF,Robin LehnerGoaltender,2225000
BUF,Alexander NylanderRight Wing,1775000
BUF,Jake McCabeDefenseman,1600000
BUF,Cody McCormickCenter,1500000
BUF,Hudson FaschingRight Wing,1350000
BUF,Zemgus GirgensonsCenter,1150000
BUF,Anders NilssonGoaltender,1000000
BUF,Johan LarssonLeft Wing,950000
BUF,C.J. SmithLeft Wing,925000
BUF,Sean MaloneCenter,925000
BUF,Linus UllmarkGoaltender,925000
BUF,Brendan GuhleDefenseman,925000
BUF,Nicholas BaptisteRight Wing,908333
BUF,William CarrierLeft Wing,908333
BUF,Justin BaileyRight Wing,894167
BUF,Evan RodriguesLeft Wing,842500
BUF,Nicolas DeslauriersLeft Wing,775000
BUF,Cal O'ReillyCenter,700000
BUF,Justin FalkDefenseman,650000
BUF,Derek GrantLeft Wing,650000
BUF,Casey NelsonDefenseman,650000
BUF,Brady AustinDefenseman,626667
BUF,Taylor FedunDefenseman,600000
BUF,Cole SchneiderLeft Wing,600000
BUF,Erik BurgdoerferDefenseman,575000
CGY,Johnny GaudreauLeft Wing,6750000
CGY,Mark GiordanoDefenseman,6750000
CGY,Sean MonahanCenter,6375000
CGY,Dougie HamiltonDefenseman,5750000
CGY,Dennis WidemanDefenseman,5250000
CGY,T.J. BrodieDefenseman,4650000
CGY,Troy BrouwerRight Wing,4500000
CGY,Michael FrolikRight Wing,4300000
CGY,Michael StoneDefenseman,4000000
CGY,Mikael BacklundCenter,3575000
CGY,Ladislav SmidDefenseman,3500000
CGY,Sam BennettCenter,3225000
CGY,Matt StajanCenter,3125000
CGY,Deryk EngellandDefenseman,2916667
CGY,Brian ElliottGoaltender,2500000
CGY,Lance BoumaCenter,2200000
CGY,Matthew TkachukLeft Wing,1775000
CGY,Chad JohnsonGoaltender,1700000
CGY,Curtis LARIarCenter,1285000
CGY,Brandon BolligLeft Wing,1250000
CGY,Kris VersteegLeft Wing,950000
CGY,Jon GilliesGoaltender,925000
CGY,Mark JankowskiCenter,925000
CGY,David RittichGoaltender,925000
CGY,Rasmus AnderssonDefenseman,925000
CGY,Micheal FerlandLeft Wing,825000
CGY,Brett KulakDefenseman,816667
CGY,Alex ChiassonRight Wing,800000
CGY,Linden VeyCenter,700000
CGY,Garnet HathawayRight Wing,690000
CGY,Tyler WotherspoonDefenseman,625000
CGY,Matt BartkowskiDefenseman,612500
CGY,Freddie HamiltonCenter,612500
CAR,Jordan StaalCenter,6000000
CAR,Jeff SkinnerLeft Wing,5725000
CAR,Justin FaulkDefenseman,4833333
CAR,Scott DarlingGoaltender,4150000
CAR,Bryan BickellLeft Wing,4000000
CAR,Victor RaskCenter,4000000
CAR,Noah HanifinDefenseman,3775000
CAR,Cam WardGoaltender,3300000
CAR,Eddie LackGoaltender,2750000
CAR,Elias LindholmCenter,2700000
CAR,Lee StempniakRight Wing,2500000
CAR,Sebastian AhoLeft Wing,1775000
CAR,Teuvo TeravainenCenter,1425000
CAR,Joakim NordstromLeft Wing,1275000
CAR,Jay McClementCenter,1200000
CAR,Phillip di GiuseppeLeft Wing,925000
CAR,Brock McGinnLeft Wing,925000
CAR,Valentin ZykovLeft Wing,925000
CAR,Andrej NestrasilCenter,912500
CAR,Andrew PoturalskiCenter,858750
CAR,Klas DahlbeckDefenseman,850000
CAR,Alex NedeljkovicGoaltender,842500
CAR,Jaccob SlavinDefenseman,832500
CAR,Brett PesceDefenseman,809167
CAR,Daniel AltshullerGoaltender,801667
CAR,Ryan MurphyDefenseman,787500
CAR,Roland McKeownDefenseman,775833
CAR,Michael LeightonGoaltender,700000
CAR,Lucas WallmarkCenter,683333
CAR,Matt TennysonDefenseman,675000
CAR,Patrick BrownLeft Wing,650000
CAR,Sergey TolchinskyRight Wing,650000
CAR,Derek RyanCenter,600000
CHI,Patrick KaneRight Wing,10500000
CHI,Jonathan ToewsCenter,10500000
CHI,Brent SeabrookDefenseman,6875000
CHI,Corey CrawfordGoaltender,6000000
CHI,Artemi PanarinLeft Wing,6000000
CHI,Duncan KeithDefenseman,5538462
CHI,Marian HossaRight Wing,5275000
CHI,Artem AnisimovCenter,4550000
CHI,Niklas HjalmarssonDefenseman,4100000
CHI,John OduyaDefenseman,3750000
CHI,Marcus KrugerCenter,3083333
CHI,Brian CampbellDefenseman,2250000
CHI,Nick SchmaltzCenter,1541667
CHI,John HaydenCenter,925000
CHI,Tyler MotteCenter,925000
CHI,Gustav ForslingDefenseman,925000
CHI,Ryan HartmanRight Wing,925000
CHI,Michal KempnyDefenseman,925000
CHI,Tomas JurcoRight Wing,900000
CHI,Richard PanikRight Wing,875000
CHI,Trevor Van RiemsdykDefenseman,825000
CHI,Andrew DesjardinsCenter,800000
CHI,Tanner KeroCenter,750000
CHI,Vincent HinostrozaCenter,717500
CHI,Jordin TootooRight Wing,700000
CHI,Erik GustafssonDefenseman,667500
CHI,Michal RozsivalDefenseman,650000
CHI,Jeff GlassGoaltender,612500
CHI,Lars JohanssonGoaltender,575000
CHI,Dennis RasmussenCenter,575000
COL,Nathan MacKinnonCenter,6300000
COL,Matt DucheneCenter,6000000
COL,Erik JohnsonDefenseman,6000000
COL,Semyon VarlamovGoaltender,5900000
COL,Gabriel LandeskogLeft Wing,5571429
COL,Tyson BarrieDefenseman,5500000
COL,Carl SoderbergCenter,4750000
COL,Francois BeaucheminDefenseman,4500000
COL,Joe ColborneCenter,2500000
COL,Blake ComeauLeft Wing,2400000
COL,Fedor TyutinDefenseman,2000000
COL,John MitchellCenter,1800000
COL,Nikita ZadorovDefenseman,1775000
COL,Tyson JostCenter,1704167
COL,Mikko RantanenRight Wing,1658333
COL,Eric GelinasDefenseman,1575000
COL,Mikhail GrigorenkoCenter,1300000
COL,Rocco GrimaldiRight Wing,1066667
COL,Calvin PickardGoaltender,1000000
COL,J.T CompherCenter,1000000
COL,Spencer MartinGoaltender,925000
COL,Anton LindholmDefenseman,925000
COL,Duncan SiemensDefenseman,874125
COL,Gabriel BourqueLeft Wing,800000
COL,Patrick WierciochDefenseman,800000
COL,Mark BarberioDefenseman,750000
COL,Cody GoloubefDefenseman,750000
COL,A.J. GreerLeft Wing,750000
COL,Matt NietoLeft Wing,735000
COL,Jeremy SmithGoaltender,675000
COL,Rene BourqueLeft Wing,650000
COL,Sven AndrighettoRight Wing,650000
COL,Jim O'BrienCenter,600000
COL,Samuel HenleyLeft Wing,586667
CBJ,Sergei BobrovskyGoaltender,7425000
CBJ,Brandon SaadLeft Wing,6000000
CBJ,Brandon DubinskyCenter,5850000
CBJ,Nick FolignoLeft Wing,5500000
CBJ,Seth JonesDefenseman,5400000
CBJ,David ClarksonRight Wing,5250000
CBJ,Scott HartnellLeft Wing,4750000
CBJ,Jack JohnsonDefenseman,4357143
CBJ,David SavardDefenseman,4250000
CBJ,Cameron AtkinsonRight Wing,3500000
CBJ,Pierre-Luc DuboisLeft Wing,3425000
CBJ,Boone JennerCenter,2900000
CBJ,Ryan MurrayDefenseman,2825000
CBJ,Matt CalvertLeft Wing,2200000
CBJ,Zachary WerenskiDefenseman,1775000
CBJ,Gregory CampbellCenter,1500000
CBJ,Alexander WennbergCenter,1400000
CBJ,Sonny MilanoLeft Wing,1325000
CBJ,Kyle QuinceyDefenseman,1250000
CBJ,William KarlssonCenter,1000000
CBJ,Lauri KorpikoskiLeft Wing,1000000
CBJ,Gabriel CarlssonDefenseman,925000
CBJ,Markus NutivaaraDefenseman,925000
CBJ,Oscar DanskGoaltender,925000
CBJ,Justin ScottRight Wing,925000
CBJ,Joonas KorpisaloGoaltender,925000
CBJ,Oliver BjorkstrandRight Wing,925000
CBJ,Lukas SedlakCenter,825000
CBJ,Dean KukanDefenseman,767500
CBJ,Josh AndersonRight Wing,678333
CBJ,Markus HannikainenLeft Wing,675000
CBJ,Scott HarringtonDefenseman,675000
CBJ,Anton ForsbergGoaltender,650000
CBJ,Sam GagnerCenter,650000
CBJ,Zac DalpeCenter,600000
CBJ,T.J. TynanCenter,600000
DAL,Jamie BennLeft Wing,9500000
DAL,Jason SpezzaCenter,7500000
DAL,Kari LehtonenGoaltender,5900000
DAL,Patrick SharpLeft Wing,5900000
DAL,Tyler SeguinCenter,5750000
DAL,Antti NiemiGoaltender,4500000
DAL,John KlingbergDefenseman,4250000
DAL,Ales HemskyRight Wing,4000000
DAL,Cody EakinCenter,3850000
DAL,Dan HamhuisDefenseman,3750000
DAL,Antoine RousselLeft Wing,2000000
DAL,Jiri HudlerLeft Wing,2000000
DAL,Denis GurianovRight Wing,1675000
DAL,Julius HonkaDefenseman,1425000
DAL,Radek FaksaCenter,1400000
DAL,Jason DickinsonCenter,925000
DAL,Esa LindellDefenseman,925000
DAL,Remi ElieLeft Wing,925000
DAL,Jamie OleksiakDefenseman,918750
DAL,Patrik NemethDefenseman,900000
DAL,Brett RitchieRight Wing,875000
DAL,Devin ShoreCenter,870000
DAL,Greg PaterynDefenseman,800000
DAL,Mattias JanmarkCenter,800000
DAL,Stephen JohnsDefenseman,725000
DAL,Curtis McKenzieLeft Wing,700000
DAL,Gemel SmithCenter,700000
DAL,Adam CracknellRight Wing,675000
DAL,Justin DowlingCenter,625000
DAL,Mark McNeillRight Wing,600000
DET,Henrik ZetterbergLeft Wing,6083333
DET,Mike GreenDefenseman,6000000
DET,Jimmy HowardGoaltender,5291667
DET,Frans NielsenCenter,5250000
DET,Danny DeKeyserDefenseman,5000000
DET,Niklas KronwallDefenseman,4750000
DET,Gustav NyquistRight Wing,4750000
DET,Justin AbdelkaderLeft Wing,4250000
DET,Jonathan EricssonDefenseman,4250000
DET,Petr MrARIekGoaltender,4000000
DET,Johan FranzenLeft Wing,3954545
DET,Darren HelmCenter,3850000
DET,Tomas TatarLeft Wing,2750000
DET,Riley SheahanLeft Wing,2075000
DET,Luke GlendeningCenter,1800000
DET,Dylan LarkinCenter,1425000
DET,Evgeny SvechnikovLeft Wing,1137500
DET,Joe VitaleCenter,1116667
DET,Drew MillerLeft Wing,1025000
DET,Andreas AthanasiouCenter,933333
DET,Anthony ManthaRight Wing,925000
DET,Dan RenoufDefenseman,925000
DET,Robbie RussoDefenseman,925000
DET,Tyler BertuzziLeft Wing,925000
DET,Nick JensenDefenseman,812500
DET,Xavier OuelletDefenseman,715000
DET,Brian LashoffDefenseman,650000
DET,Matt LoritoLeft Wing,637500
DET,Ryan SproulDefenseman,625000
DET,Jared CoreauGoaltender,612500
DET,Tomas NosekLeft Wing,612500
DET,Mitchell CallahanRight Wing,600000
DET,Ben StreetRight Wing,600000
DET,Ed PasqualeGoaltender,575000
EDM,Milan LucicLeft Wing,6000000
EDM,Jordan EberleRight Wing,6000000
EDM,Ryan Nugent-HopkinsCenter,6000000
EDM,Andrej SekeraDefenseman,5500000
EDM,Oscar KlefbomDefenseman,4167000
EDM,Cameron TalbotGoaltender,4166667
EDM,Adam LarssonDefenseman,4166667
EDM,Benoit PouliotLeft Wing,4000000
EDM,Connor McDavidCenter,3775000
EDM,Mark FayneDefenseman,3625000
EDM,David DesharnaisCenter,3500000
EDM,Jesse PuljujarviRight Wing,3425000
EDM,Leon DraisaitlCenter,3400000
EDM,Griffin ReinhartDefenseman,3275000
EDM,Andrew FerenceDefenseman,3250000
EDM,Kris RussellDefenseman,3100000
EDM,Patrick MaroonLeft Wing,2000000
EDM,Matt HendricksLeft Wing,1850000
EDM,Mark LetestuCenter,1800000
EDM,Darnell NurseDefenseman,1775000
EDM,Anton SlepyshevLeft Wing,1525000
EDM,Zack KassianRight Wing,1500000
EDM,Drake CaggiulaCenter,1350000
EDM,Anton LanderCenter,987500
EDM,Eric GrybaDefenseman,950000
EDM,Matthew BenningDefenseman,925000
EDM,Nick EllisGoaltender,925000
EDM,Jujhar KhairaLeft Wing,925000
EDM,Dillon SimpsonDefenseman,925000
EDM,Jonas GustavssonGoaltender,800000
EDM,Laurent BrossoitGoaltender,750000
EDM,Iiro PakarinenRight Wing,725000
EDM,Tyler PitlickRight Wing,725000
EDM,Ben BetkerDefenseman,683333
EDM,David MusilDefenseman,600000
EDM,Jordan OesterleDefenseman,585000
FLA,Keith YandleDefenseman,6350000
FLA,Aleksander BarkovCenter,5900000
FLA,Jonathan HuberdeauLeft Wing,5900000
FLA,Jaromir JagrRight Wing,5515000
FLA,Roberto LuongoGoaltender,5333333
FLA,Reilly SmithRight Wing,5000000
FLA,Vincent TrocheckCenter,4750000
FLA,Jason DemersDefenseman,4500000
FLA,Nick BjugstadCenter,4100000
FLA,Jussi JokinenLeft Wing,4000000
FLA,Aaron EkbladDefenseman,3775000
FLA,James ReimerGoaltender,3400000
FLA,Thomas VanekLeft Wing,2600000
FLA,Jakub KindlDefenseman,2400000
FLA,Reto BerraGoaltender,1450000
FLA,Derek MacKenzieCenter,1375000
FLA,Jared McCannLeft Wing,1137500
FLA,Mark PysykDefenseman,1125000
FLA,Alex PetrovicDefenseman,1050000
FLA,Ian McCoshenDefenseman,1025000
FLA,Colton SceviourCenter,950000
FLA,Michael MathesonDefenseman,925000
FLA,Kyle RauCenter,858750
FLA,Adam WilcoxGoaltender,808750
FLA,MacKenzie WeegarDefenseman,800000
FLA,Sam BrittainGoaltender,750000
FLA,Jonathan MarchessaultCenter,750000
FLA,Denis MalginCenter,693333
FLA,Michael SgarbossaCenter,600000
FLA,Shawn ThorntonRight Wing,600000
FLA,Paul ThompsonCenter,575000
LAK,Anze KopitarCenter,10000000
LAK,Drew DoughtyDefenseman,7000000
LAK,Ben BishopGoaltender,5950000
LAK,Dustin BrownRight Wing,5875000
LAK,Jonathan QuickGoaltender,5800000
LAK,Jarome IginlaRight Wing,5333333
LAK,Jeff CarterCenter,5272727
LAK,Marian GaborikRight Wing,4875000
LAK,Slava VoynovDefenseman,4166667
LAK,Jacob MuzzinDefenseman,4000000
LAK,Alec MartinezDefenseman,4000000
LAK,Tyler ToffoliRight Wing,3250000
LAK,Matt GreeneDefenseman,2500000
LAK,Trevor LewisCenter,2000000
LAK,Brayden McNabbDefenseman,1700000
LAK,Teddy PurcellLeft Wing,1600000
LAK,Kyle CliffordCenter,1600000
LAK,Tanner PearsonLeft Wing,1400000
LAK,Jordan NolanCenter,950000
LAK,Paul LadueDefenseman,925000
LAK,Adrian KempeLeft Wing,925000
LAK,Jeff ZatkoffGoaltender,900000
LAK,Jonny BrodzinskiCenter,808750
LAK,Kevin GravelDefenseman,667500
LAK,Derek ForbortDefenseman,650000
LAK,Nic DowdCenter,640000
LAK,Jack CampbellGoaltender,612500
LAK,Nick ShoreCenter,600000
LAK,Andy AndreoffLeft Wing,587500
LAK,Devin SetoguchiRight Wing,575000
MIN,Zach PariseLeft Wing,7538462
MIN,Ryan SuterDefenseman,7538462
MIN,Mikko KoivuCenter,6750000
MIN,Jason PominvilleRight Wing,5600000
MIN,Jared SpurgeonDefenseman,5187500
MIN,Devan DubnykGoaltender,4333333
MIN,Jonas BrodinDefenseman,4166667
MIN,Marco ScandellaDefenseman,4000000
MIN,Eric StaalCenter,3500000
MIN,Charlie CoyleCenter,3200000
MIN,Martin HanzalCenter,3100000
MIN,Mikael GranlundCenter,3000000
MIN,Nino NiederreiterRight Wing,2666667
MIN,Mathew DumbaDefenseman,2550000
MIN,Mike ReillyDefenseman,2025000
MIN,Jason ZuckerLeft Wing,2000000
MIN,Darcy KuemperGoaltender,1550000
MIN,Alex TuchRight Wing,1350000
MIN,Chris StewartRight Wing,1150000
MIN,Joel Eriksson EkCenter,1137500
MIN,Erik HaulaCenter,1000000
MIN,Ryan WhiteCenter,1000000
MIN,Gustav OlofssonDefenseman,925000
MIN,Christoph BertschyCenter,775833
MIN,Christian FolinDefenseman,725000
MIN,Stephen MichalekGoaltender,687500
MIN,Kurtis GabrielRight Wing,666667
MIN,Victor BartleyDefenseman,650000
MIN,Jordan SchroederCenter,650000
MIN,Alex StalockGoaltender,650000
MIN,Nate ProsserDefenseman,625000
MIN,Tyler GraovacCenter,625000
MIN,Zack MitchellRight Wing,615000
MIN,Pat CannoneCenter,600000
MTL,Shea WeberDefenseman,7857143
MTL,Carey PriceGoaltender,6500000
MTL,Tomas PlekanecCenter,6000000
MTL,Alexander RadulovRight Wing,5750000
MTL,Andrei MarkovDefenseman,5750000
MTL,Jeff PetryDefenseman,5500000
MTL,Max PaciorettyLeft Wing,4500000
MTL,Alexei EmelinDefenseman,4100000
MTL,Andrew ShawCenter,3900000
MTL,Brendan GallagherRight Wing,3750000
MTL,Alex GalchenyukCenter,2800000
MTL,Dwight KingLeft Wing,1950000
MTL,Mikhail SergachevDefenseman,1775000
MTL,Brandon DavidsonDefenseman,1425000
MTL,Torrey MitchellCenter,1200000
MTL,Paul ByronCenter,1166667
MTL,Michael McCarronRight Wing,1137500
MTL,Nikita ScherbakRight Wing,1125000
MTL,Jordie BennDefenseman,1100000
MTL,Al MontoyaGoaltender,1062500
MTL,Nathan BeaulieuDefenseman,1000000
MTL,Brian FlynnRight Wing,950000
MTL,Jacob De La RoseLeft Wing,925000
MTL,Charlie LindgrenGoaltender,925000
MTL,Artturi LehkonenLeft Wing,925000
MTL,Zachary FucaleGoaltender,925000
MTL,Phillip DanaultCenter,912500
MTL,Steve OttCenter,800000
MTL,Daniel CarrLeft Wing,725000
MTL,Nikita NesterovDefenseman,725000
MTL,Brett LernoutDefenseman,685000
MTL,Ryan JohnstonDefenseman,680000
MTL,Charles HudonLeft Wing,650000
MTL,Chris TerryRight Wing,650000
MTL,Andreas MartinsenCenter,640000
MTL,Zach RedmondDefenseman,612500
MTL,Joel HanleyDefenseman,600000
NSH,P.K. SubbanDefenseman,9000000
NSH,Pekka RinneGoaltender,7000000
NSH,Filip ForsbergCenter,6000000
NSH,James NealLeft Wing,5000000
NSH,Mike FisherCenter,4400000
NSH,Craig SmithCenter,4250000
NSH,Ryan JohansenCenter,4000000
NSH,Roman JosiDefenseman,4000000
NSH,Colin WilsonCenter,3937500
NSH,Mattias EkholmDefenseman,3750000
NSH,Mike RibeiroCenter,3500000
NSH,Ryan EllisDefenseman,2500000
NSH,Calle JarnkrokCenter,2000000
NSH,Kevin FialaLeft Wing,1425000
NSH,Cody McLeodLeft Wing,1333333
NSH,Vernon FiddlerCenter,1250000
NSH,Pierre-Alexandre ParenteauRight Wing,1250000
NSH,Pontus AbergLeft Wing,925000
NSH,Vladislav KamenevCenter,864167
NSH,Juuse SarosGoaltender,692500
NSH,Alex CarrierDefenseman,690000
NSH,Matt IrwinDefenseman,650000
NSH,Viktor ArvidssonLeft Wing,631667
NSH,Colton SissonsCenter,625000
NSH,Miikka SalomakiRight Wing,612500
NSH,Trevor SmithCenter,612500
NSH,Anthony BitettoDefenseman,612500
NSH,Cody BassRight Wing,612500
NSH,Petter GranbergDefenseman,612500
NSH,Brad HuntDefenseman,600000
NSH,Frederick GaudreauCenter,595000
NSH,Michael LiambasLeft Wing,575000
NSH,Marek MARIanecGoaltender,575000
NSH,Adam PardyDefenseman,575000
NSH,Austin WatsonLeft Wing,575000
NSH,Yannick WeberDefenseman,575000
NSH,Harry ZolnierczykLeft Wing,575000
NJD,Taylor HallLeft Wing,6000000
NJD,Cory SchneiderGoaltender,6000000
NJD,Travis ZajacCenter,5750000
NJD,Michael CammalleriLeft Wing,5000000
NJD,Andy GreeneDefenseman,5000000
NJD,Ryane CloweLeft Wing,4850000
NJD,Kyle PalmieriRight Wing,4650000
NJD,Marc SavardCenter,4021429
NJD,Adam HenriqueCenter,4000000
NJD,Ben LovejoyDefenseman,2666667
NJD,John MooreDefenseman,1666667
NJD,Dalton ProutDefenseman,1575000
NJD,Devante Smith-PellyRight Wing,1300000
NJD,Jon MerrillDefenseman,1137500
NJD,Jacob JosefsonCenter,1100000
NJD,Damon SeversonDefenseman,950000
NJD,Michael KaplaDefenseman,925000
NJD,Steven SantiniDefenseman,925000
NJD,Miles WoodLeft Wing,925000
NJD,Pavel ZachaCenter,925000
NJD,Nick LappinRight Wing,925000
NJD,Blake SpeersRight Wing,925000
NJD,John QuennevilleCenter,842500
NJD,Keith KinkaidGoaltender,725000
NJD,Beau BennettRight Wing,725000
NJD,Luke GARIdicLeft Wing,700000
NJD,Blake ColemanCenter,680000
NJD,Vojtech MozikDefenseman,680000
NJD,Blake PietilaLeft Wing,662500
NJD,Joseph BlandisiRight Wing,648333
NJD,Ken ApplebyGoaltender,635000
NJD,Ben ThomsonLeft Wing,626667
NJD,Kevin RooneyCenter,625000
NJD,Stefan NoesenRight Wing,600000
NJD,Seth HelgesonDefenseman,587500
NJD,Bobby FarnhamLeft Wing,575000
NJD,Karl StolleryDefenseman,575000
NYI,Johnny BoychukDefenseman,6000000
NYI,Andrew LaddLeft Wing,5500000
NYI,John TavaresCenter,5500000
NYI,Nick LeddyDefenseman,5500000
NYI,Mikhail GrabovskiCenter,5000000
NYI,Jaroslav HalakGoaltender,4500000
NYI,Nikolai KuleminLeft Wing,4187500
NYI,Travis HamonicDefenseman,3857143
NYI,Anders LeeCenter,3750000
NYI,Cal ClutterbuckRight Wing,3500000
NYI,Casey CizikasCenter,3350000
NYI,Thomas GreissGoaltender,3333333
NYI,Josh BaileyLeft Wing,3300000
NYI,Brock NelsonCenter,2500000
NYI,Ryan StromeCenter,2500000
NYI,Jason ChimeraLeft Wing,2250000
NYI,Thomas HickeyDefenseman,2200000
NYI,Calvin de HaanDefenseman,1966667
NYI,Mathew BarzalCenter,1325000
NYI,Anthony BeauvillierLeft Wing,1137500
NYI,Joshua Ho-SangRight Wing,1137500
NYI,Dennis SeidenbergDefenseman,1000000
NYI,Adam PelechDefenseman,925000
NYI,Shane PrinceLeft Wing,850000
NYI,Bracken KearnsCenter,800000
NYI,Jean-Francois BerubeGoaltender,675000
NYI,Ross JohnstonLeft Wing,666667
NYI,Scott MayfieldDefenseman,625000
NYI,Steve BernierRight Wing,600000
NYI,Stephen GiontaCenter,575000
NYI,Connor JonesLeft Wing,575000
NYR,Henrik LundqvistGoaltender,8500000
NYR,Rick NashLeft Wing,7800000
NYR,Derek StepanCenter,6500000
NYR,Marc StaalDefenseman,5700000
NYR,Dan GirardiDefenseman,5500000
NYR,Ryan McDonaghDefenseman,4700000
NYR,Chris KreiderLeft Wing,4625000
NYR,Mats Zuccarello-AasenRight Wing,4500000
NYR,Jimmy VeseyLeft Wing,3775000
NYR,Kevin KleinDefenseman,2900000
NYR,J.T. MillerCenter,2750000
NYR,Brendan SmithDefenseman,2750000
NYR,Mika ZibanejadCenter,2625000
NYR,Kevin HayesCenter,2600000
NYR,Michael GrabnerRight Wing,1650000
NYR,Nick HoldenDefenseman,1650000
NYR,Tanner GlassLeft Wing,1450000
NYR,Brandon PirriCenter,1100000
NYR,Antti RaantaGoaltender,1000000
NYR,Jesper FastRight Wing,950000
NYR,Pavel BuchnevichLeft Wing,925000
NYR,Brady SkjeiDefenseman,925000
NYR,Cristoval NievesCenter,925000
NYR,Matt PuempelLeft Wing,900000
NYR,Brandon HalversonGoaltender,803333
NYR,Oscar LindbergCenter,650000
NYR,Taylor BeckRight Wing,650000
NYR,Steven KampferDefenseman,650000
NYR,Magnus HellbergGoaltender,625000
NYR,Adam ClendeningDefenseman,600000
NYR,Marek HrivikLeft Wing,600000
NYR,Nicklas JensenRight Wing,600000
OTT,Bobby RyanRight Wing,7250000
OTT,Dion PhaneufDefenseman,7000000
OTT,Erik KarlssonDefenseman,6500000
OTT,Mike HoffmanLeft Wing,5187500
OTT,Derick BrassardCenter,5000000
OTT,Marc MethotDefenseman,4900000
OTT,Clarke MacArthurLeft Wing,4650000
OTT,Craig AndersonGoaltender,4200000
OTT,Kyle TurrisCenter,3500000
OTT,Mark StoneRight Wing,3500000
OTT,Zack SmithCenter,3250000
OTT,Cody CeciDefenseman,2800000
OTT,Alexandre BurrowsRight Wing,2500000
OTT,Tommy WingelsRight Wing,2475000
OTT,Chris NeilRight Wing,1500000
OTT,Viktor StalbergLeft Wing,1500000
OTT,Andrew HammondGoaltender,1350000
OTT,Colin WhiteCenter,1295000
OTT,Thomas ChabotDefenseman,1285000
OTT,Mark BorowieckiDefenseman,1100000
OTT,Matthew O'ConnorGoaltender,925000
OTT,Andreas EnglundDefenseman,925000
OTT,Jean-Gabriel PageauCenter,900000
OTT,Chris KellyCenter,900000
OTT,Jyrki JokipakkaDefenseman,900000
OTT,Casey BaileyRight Wing,874125
OTT,Tom PyattCenter,800000
OTT,Chris WidemanDefenseman,800000
OTT,Chris DriedgerGoaltender,755000
OTT,Ryan DzingelCenter,750000
OTT,Mike BlundenRight Wing,737500
OTT,Nicholas PaulCenter,700833
OTT,Phil VaroneCenter,700000
OTT,Ben HarpurDefenseman,655000
OTT,Fredrik ClaessonDefenseman,650000
OTT,Chris DiDomenicoCenter,612500
OTT,Michael CondonGoaltender,575000
PHI,Claude GirouxCenter,8275000
PHI,Jakub VoracekRight Wing,8250000
PHI,Brayden SchennCenter,5125000
PHI,Andrew MacDonaldDefenseman,5000000
PHI,Valtteri FilppulaCenter,5000000
PHI,Sean CouturierCenter,4333333
PHI,Steve MasonGoaltender,4100000
PHI,Wayne SimmondsRight Wing,3975000
PHI,Michael Del ZottoDefenseman,3875000
PHI,Matt ReadRight Wing,3625000
PHI,Radko GudasDefenseman,3350000
PHI,Michal NeuvirthGoaltender,2500000
PHI,Dale WeiseRight Wing,2350000
PHI,Michael RafflLeft Wing,2350000
PHI,Nick SchultzDefenseman,2250000
PHI,Ivan ProvorovDefenseman,1775000
PHI,Pierre-Edouard BellemareLeft Wing,1450000
PHI,Samuel MorinDefenseman,1425000
PHI,Shayne GostisbehereDefenseman,1420833
PHI,Scott LaughtonCenter,1137500
PHI,Travis KonecnyCenter,1137500
PHI,Brandon ManningDefenseman,975000
PHI,Boyd GordonCenter,950000
PHI,Robert HaggDefenseman,925000
PHI,Anthony StolarzGoaltender,925000
PHI,Roman LyubimovCenter,925000
PHI,Mike VecchioneCenter,925000
PHI,Taylor LeierLeft Wing,853500
PHI,Nick CousinsCenter,840000
PHI,Chris VandeveldeCenter,712500
PHI,Jordan WealCenter,650000
PHI,Colin McDonaldRight Wing,637500
PIT,Evgeni MalkinCenter,9500000
PIT,Sidney CrosbyCenter,8700000
PIT,Philip KesselRight Wing,8000000
PIT,Kris LetangDefenseman,7250000
PIT,Marc-Andre FleuryGoaltender,5750000
PIT,Mark StreitDefenseman,5250000
PIT,Patric HornqvistRight Wing,4250000
PIT,Olli MaattaDefenseman,4083333
PIT,Carl HagelinLeft Wing,4000000
PIT,Chris KunitzLeft Wing,3850000
PIT,Pascal DupuisLeft Wing,3750000
PIT,Matthew MurrayGoaltender,3750000
PIT,Trevor DaleyDefenseman,3300000
PIT,Ron HainseyDefenseman,2833333
PIT,Ian ColeDefenseman,2100000
PIT,Nick BoninoCenter,1900000
PIT,Justin SchultzDefenseman,1400000
PIT,Derrick PouliotDefenseman,1288167
PIT,Matt CullenCenter,1000000
PIT,Jake GuentzelCenter,925000
PIT,Oskar SundqvistCenter,925000
PIT,Josh ArchibaldRight Wing,925000
PIT,Tristan JarryGoaltender,925000
PIT,Brian DumoulinDefenseman,800000
PIT,Dominik SimonCenter,692500
PIT,Conor ShearyLeft Wing,667500
PIT,Bryan RustRight Wing,640000
PIT,Tom KuhnhacklRight Wing,625000
PIT,Scott WilsonLeft Wing,625000
PIT,Carter RowneyCenter,612500
PIT,Frank CorradoDefenseman,600000
PIT,Jean-Sebastien DeaCenter,598333
PIT,Cameron GaunceDefenseman,575000
PIT,Kevin PorterLeft Wing,575000
PIT,Chad RuhwedelDefenseman,575000
PIT,Tom SestitoLeft Wing,575000
PIT,David WarsofskyDefenseman,575000
SJS,Brent BurnsDefenseman,8000000
SJS,Joe ThorntonCenter,6750000
SJS,Patrick MarleauLeft Wing,6666667
SJS,Logan CoutureCenter,6000000
SJS,Joe PavelskiLeft Wing,6000000
SJS,Paul MartinDefenseman,4850000
SJS,Marc-Edouard VlasicDefenseman,4250000
SJS,Mikkel BoedkerLeft Wing,4000000
SJS,Justin BraunDefenseman,3800000
SJS,Joel WardRight Wing,3275000
SJS,Brenden DillonDefenseman,3270000
SJS,Martin JonesGoaltender,3000000
SJS,Tomas HertlCenter,3000000
SJS,Jannik HansenRight Wing,2500000
SJS,David SchlemkoDefenseman,2100000
SJS,Timo MeierLeft Wing,1675000
SJS,Melker KarlssonCenter,1650000
SJS,Marcus SorensenRight Wing,1350000
SJS,Mirco MuellerDefenseman,1350000
SJS,Joonas DonskoiRight Wing,925000
SJS,Daniel O'ReganCenter,925000
SJS,Chris TierneyCenter,925000
SJS,Tim HeedDefenseman,775000
SJS,Kevin LabancRight Wing,717500
SJS,Joakim RyanDefenseman,680000
SJS,Dylan DemeloDefenseman,650000
SJS,Barclay GoodrowLeft Wing,627000
SJS,Micheal HaleyCenter,625000
SJS,Aaron DellGoaltender,625000
SJS,Ryan CarpenterCenter,600000
STL,Vladimir TarasenkoRight Wing,7500000
STL,Paul StastnyCenter,7000000
STL,Alex PietrangeloDefenseman,6500000
STL,Alexander SteenLeft Wing,5750000
STL,Jay BouwmeesterDefenseman,5400000
STL,Jaden SchwartzLeft Wing,5350000
STL,Jori LehteraCenter,4700000
STL,Jake AllenGoaltender,4350000
STL,Patrik BerglundCenter,3850000
STL,David PerronLeft Wing,3750000
STL,Vladimir SobotkaLeft Wing,3500000
STL,Carl GunnarssonDefenseman,2900000
STL,Nail YakupovRight Wing,2500000
STL,Robert BortuzzoDefenseman,1150000
STL,Robby FabbriCenter,1137500
STL,Carter HuttonGoaltender,1125000
STL,Ryan ReavesRight Wing,1125000
STL,Joel EdmundsonDefenseman,1050000
STL,Dmitrij JaskinLeft Wing,1000000
STL,Kyle BrodziakRight Wing,950000
STL,Jordan SchmaltzDefenseman,925000
STL,Luke OpilkaGoaltender,925000
STL,Zach SanfordLeft Wing,925000
STL,Ivan BarbashevCenter,925000
STL,Colton ParaykoDefenseman,905000
STL,Scottie UpshallLeft Wing,900000
STL,Magnus Paajarvi-SvenssonLeft Wing,700000
STL,Petteri LindbohmDefenseman,700000
STL,Kenneth AgostinoLeft Wing,625000
STL,Chris ButlerDefenseman,600000
STL,Wade MeganCenter,575000
TBL,Steven StamkosCenter,8500000
TBL,Victor HedmanDefenseman,7875000
TBL,Ryan CallahanRight Wing,5800000
TBL,Nikita KucherovRight Wing,4766667
TBL,Jason GarrisonDefenseman,4600000
TBL,Anton StralmanDefenseman,4500000
TBL,Alexander KillornCenter,4450000
TBL,Braydon CoburnDefenseman,3700000
TBL,Andrei VasilevskiGoaltender,3500000
TBL,Tyler JohnsonCenter,3333333
TBL,Ondrej PalatLeft Wing,3333333
TBL,Jonathan DrouinLeft Wing,3225000
TBL,Vladislav NamestnikovLeft Wing,1937500
TBL,Slater KoekkoekDefenseman,1475000
TBL,Andrej SustrDefenseman,1450000
TBL,J.T. BrownRight Wing,1250000
TBL,Erik CondraLeft Wing,1250000
TBL,Adam ErneLeft Wing,925000
TBL,Cedric PaquetteCenter,812500
TBL,Matthew PecaCenter,796250
TBL,Greg McKeggCenter,700000
TBL,Brayden PointCenter,692500
TBL,Jake DotchinDefenseman,616667
TBL,Peter BudajGoaltender,600000
TBL,Yanni GourdeCenter,600000
TBL,Michael BournivalLeft Wing,575000
TBL,Cory ConacherCenter,575000
TBL,Gabriel DumontCenter,575000
TBL,Byron FroeseCenter,575000
TBL,Kristers GudlevskisGoaltender,575000
TBL,Tanner RichardLeft Wing,575000
TBL,Matthew TaorminaDefenseman,575000
TBL,Joel VerminCenter,575000
TBL,Luke WitkowskiDefenseman,575000
TOR,Nathan HortonRight Wing,5300000
TOR,Joffrey LupulRight Wing,5250000
TOR,Morgan RiellyDefenseman,5000000
TOR,Frederik AndersenGoaltender,5000000
TOR,NARIem KadriCenter,4500000
TOR,Brooks LaichCenter,4500000
TOR,James Van RiemsdykLeft Wing,4250000
TOR,Tyler BozakCenter,4200000
TOR,Jake GardinerDefenseman,4050000
TOR,Milan MichalekLeft Wing,4000000
TOR,Auston MatthewsCenter,3775000
TOR,Stephane RobidasDefenseman,3000000
TOR,Eric FehrCenter,3000000
TOR,Leo KomarovLeft Wing,2950000
TOR,Colin GreeningCenter,2650000
TOR,Matt MartinLeft Wing,2500000
TOR,Roman PolakDefenseman,2250000
TOR,Brian BoyleCenter,2000000
TOR,Mitchell MarnerCenter,1775000
TOR,William NylanderCenter,1775000
TOR,Alexei MarchenkoDefenseman,1450000
TOR,Martin MarincinDefenseman,1250000
TOR,Matt HunwickDefenseman,1200000
TOR,Nikita ZaitsevDefenseman,925000
TOR,Zach HymanCenter,925000
TOR,Kasperi KapanenRight Wing,925000
TOR,Frederik GauthierCenter,925000
TOR,Connor BrownRight Wing,925000
TOR,Curtis McElhinneyGoaltender,800000
TOR,Antoine BibeauGoaltender,800000
TOR,Connor CarrickDefenseman,750000
TOR,Nikita SoshnikovRight Wing,736667
TOR,Ben SmithRight Wing,675000
TOR,Josh LeivoLeft Wing,612500
TOR,Garret SparksGoaltender,575000
WSH,Henrik SedinCenter,7000000
WSH,Daniel SedinLeft Wing,7000000
WSH,Loui ErikssonRight Wing,6000000
WSH,Ryan MillerGoaltender,6000000
WSH,Alexander EdlerDefenseman,5000000
WSH,Chris TanevDefenseman,4450000
WSH,Brandon SutterCenter,4375000
WSH,Jacob MarkstromGoaltender,3666667
WSH,Luca SbisaDefenseman,3600000
WSH,Erik GudbransonDefenseman,3500000
WSH,Thatcher DemkoGoaltender,2941667
WSH,Ben HuttonDefenseman,2800000
WSH,Derek DorsettRight Wing,2650000
WSH,Sven BaertschiLeft Wing,1850000
WSH,Jake VirtanenLeft Wing,1775000
WSH,Bo HorvatCenter,1775000
WSH,Nikolay GoldobinRight Wing,1137500
WSH,Brendan GaunceCenter,1087500
WSH,Philip LarsenDefenseman,1025000
WSH,Anton RodinRight Wing,950000
WSH,Brock BoeserRight Wing,925000
WSH,Michael GarteigGoaltender,925000
WSH,Griffen MolinoCenter,925000
WSH,Troy StecherDefenseman,925000
WSH,Nikita TryamkinDefenseman,925000
WSH,Yan Pavel LaplanteCenter,925000
WSH,Markus GranlundCenter,900000
WSH,Jordan SubbanDefenseman,755000
WSH,Alex BiegaDefenseman,750000
WSH,Joseph CramarossaCenter,742500
WSH,Reid BoucherLeft Wing,715000
WSH,Andrei PedanDefenseman,700000
WSH,Jack SkilleRight Wing,700000
WSH,Joseph LabateCenter,680000
WSH,Jayson MegnaCenter,675000
WSH,Richard BachmanGoaltender,650000
WSH,Michael ZalewskiLeft Wing,632500
WSH,Evan McEnenyDefenseman,618333
WSH,Alexandre GrenierLeft Wing,600000
WSH,Michael ChaputCenter,600000
WSH,Drew ShoreCenter,600000
WSH,Borna RendulicRight Wing,575000
WPG,Dustin ByfuglienDefenseman,7600000
WPG,Mark ScheifeleCenter,6125000
WPG,Tobias EnstromDefenseman,5750000
WPG,Blake WheelerRight Wing,5600000
WPG,Tyler MyersDefenseman,5500000
WPG,Bryan LittleCenter,4700000
WPG,Mathieu PerreaultCenter,4125000
WPG,Ondrej PavelecGoaltender,3900000
WPG,Jacob TroubaDefenseman,3000000
WPG,Mark StuartDefenseman,2625000
WPG,Patrik LaineRight Wing,2425000
WPG,Shawn MatthiasCenter,2125000
WPG,Kyle ConnorLeft Wing,1775000
WPG,Nikolaj EhlersLeft Wing,1625000
WPG,Joshua MorrisseyDefenseman,1425000
WPG,Chris ThorburnRight Wing,1200000
WPG,Michael HutchinsonGoaltender,1150000
WPG,Jack RoslovicCenter,1137500
WPG,Adam LowryLeft Wing,1125000
WPG,Eric ComrieGoaltender,955833
WPG,Andrew CoppCenter,925000
WPG,Marko DanoCenter,925000
WPG,Joel ArmiaRight Wing,925000
WPG,Nicolas PetanCenter,925000
WPG,Connor HellebuyckGoaltender,925000
WPG,Paul PostmaDefenseman,887500
WPG,Brandon TanevCenter,874125
WPG,Ben ChiarotDefenseman,850000
WPG,Nelson NogierDefenseman,746667
WPG,Chase De LeoCenter,720833
WPG,Quinton HowdenLeft Wing,650000
WPG,Julian MelchioriDefenseman,625000
WPG,Brenden KichtonDefenseman,600000
WPG,Brian StraitDefenseman,600000
VAN,Henrik SedinCenter,7000000
VAN,Daniel SedinLeft Wing,7000000
VAN,Loui ErikssonRight Wing,6000000
VAN,Ryan MillerGoaltender,6000000
VAN,Alexander EdlerDefenseman,5000000
VAN,Chris TanevDefenseman,4450000
VAN,Brandon SutterCenter,4375000
VAN,Jacob MarkstromGoaltender,3666667
VAN,Luca SbisaDefenseman,3600000
VAN,Erik GudbransonDefenseman,3500000
VAN,Thatcher DemkoGoaltender,2941667
VAN,Ben HuttonDefenseman,2800000
VAN,Derek DorsettRight Wing,2650000
VAN,Sven BaertschiLeft Wing,1850000
VAN,Jake VirtanenLeft Wing,1775000
VAN,Bo HorvatCenter,1775000
VAN,Nikolay GoldobinRight Wing,1137500
VAN,Brendan GaunceCenter,1087500
VAN,Philip LarsenDefenseman,1025000
VAN,Anton RodinRight Wing,950000
VAN,Brock BoeserRight Wing,925000
VAN,Michael GarteigGoaltender,925000
VAN,Griffen MolinoCenter,925000
VAN,Troy StecherDefenseman,925000
VAN,Nikita TryamkinDefenseman,925000
VAN,Yan Pavel LaplanteCenter,925000
VAN,Markus GranlundCenter,900000
VAN,Jordan SubbanDefenseman,755000
VAN,Alex BiegaDefenseman,750000
VAN,Joseph CramarossaCenter,742500
VAN,Reid BoucherLeft Wing,715000
VAN,Andrei PedanDefenseman,700000
VAN,Jack SkilleRight Wing,700000
VAN,Joseph LabateCenter,680000
VAN,Jayson MegnaCenter,675000
VAN,Richard BachmanGoaltender,650000
VAN,Michael ZalewskiLeft Wing,632500
VAN,Evan McEnenyDefenseman,618333
VAN,Alexandre GrenierLeft Wing,600000
VAN,Michael ChaputCenter,600000
VAN,Drew ShoreCenter,600000
VAN,Borna RendulicRight Wing,575000
